1,    0,    2,     1.8928909752688707,    0.9464454876344354 
2,    10,    31,     26.370751508191322,    0.8506694034900426 
3,    20,    73,     57.84266146861744,    0.7923652255974992 
4,    30,    127,     101.04804562771605,    0.7956539025804413 
5,    40,    179,     132.35732858587596,    0.7394264166808713 
6,    50,    233,     178.8576308075857,    0.7676293167707541 
7,    60,    283,     221.43678547654005,    0.7824621394930744 
8,    70,    353,     253.48321664646883,    0.7180827667038777 
9,    80,    419,     317.13449498908574,    0.7568842362508013 
10,    90,    467,     336.9595899284469,    0.7215408777911069 
11,    100,    547,     402.22529367181767,    0.7353296045188623 
12,    110,    607,     440.5646303666123,    0.7258066398131998 
13,    120,    661,     474.60683887283864,    0.7180133719710116 
14,    130,    739,     551.9885443397048,    0.7469398434908049 
15,    140,    811,     556.7010916418594,    0.6864378441946478 
16,    150,    877,     644.4165356769721,    0.7347965059030469 
17,    160,    947,     668.4789965557727,    0.705891231843477 
18,    170,    1019,     712.5074207082062,    0.6992221989285634 
19,    180,    1087,     795.4352573207435,    0.7317711658884485 
20,    190,    1153,     787.1589479857463,    0.6827050719737608 
21,    200,    1229,     898.8578216037041,    0.7313733292137543 
22,    210,    1297,     901.0024030281219,    0.6946818835991687 
23,    220,    1381,     964.28692819557,    0.6982526634290876 
24,    230,    1453,     1042.4774514110425,    0.7174655549972763 
25,    240,    1523,     1027.595489430023,    0.6747179838673821 
26,    250,    1597,     1161.192102053695,    0.7271083920185942 
27,    260,    1663,     1136.9552436622191,    0.6836772361167884 
28,    270,    1741,     1228.0364270432383,    0.7053626806681438 
29,    280,    1823,     1290.1217850669263,    0.7076915990493288 
30,    290,    1901,     1278.363806836219,    0.6724691251111095 
31,    300,    1993,     1427.7784681506023,    0.7163966222531873 
32,    310,    2063,     1376.6920177045636,    0.6673252630657118 
33,    320,    2131,     1501.8037216145926,    0.7047413053095226 
34,    330,    2221,     1536.722493514637,    0.6919056702001968 
35,    340,    2293,     1540.0082849895161,    0.6716128586958204 
36,    350,    2371,     1695.423718588817,    0.7150669416232885 
37,    360,    2437,     1621.4789148672542,    0.6653586027358449 
38,    370,    2539,     1783.2846744763929,    0.7023570990454482 
39,    380,    2621,     1781.7758954369267,    0.6798076670877248 
40,    390,    2689,     1812.7900987187575,    0.674150278437619 
41,    400,    2749,     1961.432993058358,    0.7135078185006759 
42,    410,    2833,     1873.0707801416854,    0.6611615884721798 
43,    420,    2909,     2069.78955111453,    0.7115123929578996 
44,    430,    3001,     2025.8002129734527,    0.6750417237499009 
45,    440,    3083,     2096.4024860617196,    0.6799878320018552 
46,    450,    3187,     2223.757093651915,    0.6977587366337983 
47,    460,    3259,     2133.3492432006383,    0.6546024066279957 
48,    470,    3343,     2358.3566810492434,    0.7054611669306741 
49,    480,    3433,     2270.196883686387,    0.6612865958888399 
50,    490,    3517,     2389.8162163799357,    0.6795041843559669 
51,    500,    3581,     2481.148881175085,    0.6928648090407945 
52,    510,    3659,     2403.9943589288514,    0.6570085703549744 
53,    520,    3733,     2645.9552976454906,    0.7088013119864695 
54,    530,    3823,     2517.061070333249,    0.658399442933102 
55,    540,    3911,     2691.237402108344,    0.6881200209942072 
56,    550,    4001,     2733.2820040070656,    0.6831497135733731 
57,    560,    4073,     2686.195447156455,    0.659512754028101 
58,    570,    4153,     2929.737781395218,    0.705450946639831 
59,    580,    4241,     2768.9376441138493,    0.6528973459358286 
60,    590,    4327,     2998.168464538631,    0.6928977269560044 
61,    600,    4421,     2980.803690832355,    0.6742374328958053 
62,    610,    4507,     2980.4174779987443,    0.6612863274902916 
63,    620,    4591,     3207.3069239535225,    0.698607476356681 
64,    630,    4663,     3028.5339437282973,    0.6494818665512111 
65,    640,    4759,     3307.561338783392,    0.6950118383659155 
66,    650,    4861,     3225.30566117343,    0.6635066161640465 
67,    660,    4943,     3286.2408577624865,    0.6648272016513224 
68,    670,    5009,     3476.9664055641206,    0.694143822232805 
69,    680,    5099,     3298.4096245627866,    0.6468738232129411 
70,    690,    5189,     3616.0468852715258,    0.6968677751535027 
71,    700,    5281,     3469.2077148037256,    0.6569224985426483 
72,    710,    5393,     3602.2892221966117,    0.6679564661962937 
73,    720,    5449,     3737.9257110924314,    0.6859837972274603 
74,    730,    5527,     3580.6690640272573,    0.6478503824909095 
75,    740,    5641,     3920.2188092959973,    0.6949510386981027 
76,    750,    5701,     3715.55827097758,    0.6517379882437432 
77,    760,    5801,     3926.253764019079,    0.6768236104152868 
78,    770,    5861,     3990.435288810797,    0.6808454681472098 
79,    780,    5953,     3876.6837322326437,    0.6512151406404575 
80,    790,    6067,     4216.945644261364,    0.6950627401123065 
81,    800,    6143,     3967.764970067551,    0.6459002067503746 
82,    810,    6229,     4255.014904700477,    0.6830975926634254 
83,    820,    6311,     4235.834082259164,    0.671182709912718 
84,    830,    6373,     4186.870939651533,    0.6569701772558502 
85,    840,    6481,     4503.681398649996,    0.6949053230442827 
86,    850,    6577,     4229.275983252037,    0.643040289379966 
87,    860,    6679,     4584.853735074639,    0.6864581127526036 
88,    870,    6763,     4476.499387250147,    0.6619103041919484 
89,    880,    6841,     4510.551692004471,    0.6593409869908596 
90,    890,    6947,     4778.7448100276015,    0.6878861105552903 
91,    900,    7001,     4503.238379510788,    0.6432278788045691 
92,    910,    7109,     4911.737475374404,    0.6909181988147988 
93,    920,    7211,     4715.697785577943,    0.6539589218663074 
94,    930,    7307,     4845.9043923535455,    0.6631865871566368 
95,    940,    7417,     5041.539012648367,    0.6797275195696868 
96,    950,    7507,     4792.163315718008,    0.6383593067427744 
97,    960,    7573,     5231.656046822373,    0.6908300603225107 
98,    970,    7649,     4957.345009727821,    0.6481036749546112 
99,    980,    7727,     5190.023357001093,    0.6716737876279402 
100,    990,    7841,     5292.6877697380105,    0.6750016285853858 
101,    1000,    7927,     5097.628633427903,    0.643071607597818 
102,    1010,    8039,     5540.981401311838,    0.6892625203771412 
103,    1020,    8117,     5205.691252753756,    0.6413319271595117 
104,    1030,    8221,     5539.082217771218,    0.6737723169652375 
105,    1040,    8293,     5534.070970881551,    0.6673183372581154 
106,    1050,    8389,     5420.047548062064,    0.6460898257315609 
107,    1060,    8513,     5836.818070614942,    0.6856358593462871 
108,    1070,    8599,     5464.955912855556,    0.6355338891563619 
109,    1080,    8681,     5888.593027706093,    0.6783311862350068 
110,    1090,    8747,     5768.750364824742,    0.6595118743368861 
111,    1100,    8837,     5758.52760354593,    0.6516382939397907 
112,    1110,    8933,     6117.312829487517,    0.6847993764119016 
113,    1120,    9013,     5738.941385594699,    0.6367404177959279 
114,    1130,    9127,     6233.743070501928,    0.6830002268545993 
115,    1140,    9203,     6000.785838477366,    0.6520467063432974 
116,    1150,    9293,     6110.837257637459,    0.6575742233549401 
117,    1160,    9391,     6381.893555986249,    0.6795755037787509 
118,    1170,    9461,     6030.658756227823,    0.6374229739169034 
119,    1180,    9539,     6569.783774886312,    0.6887287739685829 
120,    1190,    9643,     6234.952202442825,    0.6465780568747097 
121,    1200,    9739,     6473.488879059523,    0.6646974924591358 
122,    1210,    9817,     6631.412221848191,    0.6755029257255976 
123,    1220,    9901,     6341.99875345153,    0.640541233557371 
124,    1230,    10009,     6892.440446939993,    0.6886242828394439 
125,    1240,    10103,     6476.375591777379,    0.6410348997107175 
126,    1250,    10181,     6841.937257542891,    0.672029983060887 
127,    1260,    10273,     6868.174131202791,    0.6685655729779802 
128,    1270,    10357,     6673.478976407883,    0.644344788684743 
129,    1280,    10463,     7198.3083052838465,    0.6879774735050986 
130,    1290,    10589,     6730.116446461694,    0.6355762061064968 
131,    1300,    10663,     7210.882741878238,    0.6762527189232147 
132,    1310,    10753,     7095.844515790602,    0.659894403030838 
133,    1320,    10861,     7024.093307243211,    0.6467262045155336 
134,    1330,    10957,     7485.199892679815,    0.683143186335659 
135,    1340,    11069,     7000.731893423428,    0.6324629048173663 
136,    1350,    11159,     7574.6586657310345,    0.6787936791586194 
137,    1360,    11257,     7319.233690888199,    0.6501939851548547 
138,    1370,    11351,     7391.281912689436,    0.6511568947836698 
139,    1380,    11447,     7752.41147310374,    0.6772439480303782 
140,    1390,    11549,     7291.853651624568,    0.6313839857671285 
141,    1400,    11677,     7927.674611815015,    0.6789136432144399 
142,    1410,    11779,     7543.972367070739,    0.6404594929171186 
143,    1420,    11839,     7771.030871277422,    0.6563925053870616 
144,    1430,    11939,     8000.881393403472,    0.6701466951506384 
145,    1440,    12037,     7605.817961103213,    0.631869897906722 
146,    1450,    12113,     8264.88102867462,    0.6823149532464806 
147,    1460,    12227,     7776.098539113931,    0.6359776346703141 
148,    1470,    12301,     8158.099959390345,    0.6632062400935164 
149,    1480,    12409,     8233.221241769403,    0.6634878911894111 
150,    1490,    12491,     7943.381364931835,    0.6359283776264378 
151,    1500,    12569,     8582.217326510436,    0.6828082843909965 
152,    1510,    12647,     8021.5857963284325,    0.6342678735137529 
153,    1520,    12743,     8546.36632620635,    0.6706714530492309 
154,    1530,    12841,     8453.610403694716,    0.6583296007861317 
155,    1540,    12941,     8303.550567215309,    0.6416467481041116 
156,    1550,    13009,     8877.00521289599,    0.682374141970635 
157,    1560,    13121,     8285.849170743028,    0.6314952496565069 
158,    1570,    13217,     8929.261571101077,    0.6755891330181643 
159,    1580,    13313,     8667.555556958863,    0.6510595325590673 
160,    1590,    13417,     8683.546413184135,    0.6472047710504684 
161,    1600,    13513,     9148.251821728843,    0.6769963606696399 
162,    1610,    13627,     8573.268167493916,    0.6291383406101061 
163,    1620,    13709,     9300.270972179515,    0.6784062274549212 
164,    1630,    13789,     8881.527898482065,    0.6441023931018975 
165,    1640,    13883,     9078.9118739811,    0.6539589335144493 
166,    1650,    13997,     9396.83301997591,    0.6713462184736665 
167,    1660,    14083,     8886.767019162919,    0.6310279783542512 
168,    1670,    14207,     9653.457073531641,    0.6794859628022553 
169,    1680,    14327,     9102.501543843506,    0.6353389784214075 
170,    1690,    14423,     9483.762534196307,    0.6575443759409489 
171,    1700,    14533,     9625.535775052027,    0.662322698345285 
172,    1710,    14621,     9227.489330233484,    0.6311120532271037 
173,    1720,    14713,     9983.966135864617,    0.678581263907063 
174,    1730,    14771,     9337.425692034309,    0.6321458054318806 
175,    1740,    14867,     9891.166363061191,    0.6653101744172456 
176,    1750,    14951,     9838.949030410324,    0.6580796622573958 
177,    1760,    15077,     9594.598249063349,    0.6363731676768156 
178,    1770,    15161,     10288.475492617588,    0.678614569792071 
179,    1780,    15263,     9592.670004817404,    0.6284917778167729 
180,    1790,    15329,     10293.62844353297,    0.6715133696609675 
181,    1800,    15413,     10043.204380954709,    0.6516060715600278 
182,    1810,    15511,     9985.224502237732,    0.6437511767286269 
183,    1820,    15619,     10565.542783390869,    0.6764544966637345 
184,    1830,    15683,     9873.486574215633,    0.629566191048628 
185,    1840,    15787,     10683.646760275255,    0.6767369836115319 
186,    1850,    15887,     10245.580047881922,    0.6449033831360182 
187,    1860,    15973,     10394.573665536074,    0.6507590099252535 
188,    1870,    16073,     10815.82424085066,    0.6729188229235774 
189,    1880,    16187,     10183.532422465332,    0.6291179602437346 
190,    1890,    16273,     11054.297935792129,    0.679303013322198 
191,    1900,    16411,     10453.993251161239,    0.6370113491658789 
192,    1910,    16487,     10816.191735967817,    0.6560436547563424 
193,    1920,    16607,     11042.13830095297,    0.6649086710997152 
194,    1930,    16693,     10524.493532418806,    0.6304734638722103 
195,    1940,    16823,     11399.807617623743,    0.6776322663986056 
196,    1950,    16921,     10676.416112172776,    0.6309565694801003 
197,    1960,    17011,     11242.375353157558,    0.6608885634682005 
198,    1970,    17099,     11249.362159936996,    0.6578959096986371 
199,    1980,    17203,     10895.845056187498,    0.6333688924133871 
200,    1990,    17321,     11716.059500618321,    0.6764077998163109 
201,    2000,    17393,     10920.257829575266,    0.6278536094736541 
202,    2010,    17483,     11664.700900683545,    0.6672024767307411 
203,    2020,    17579,     11444.16168492408,    0.6510132365279072 
204,    2030,    17681,     11294.772985028925,    0.6388084941478946 
205,    2040,    17789,     12000.999895512517,    0.674630383692873 
206,    2050,    17903,     11191.760365485556,    0.6251332383112079 
207,    2060,    17977,     12074.636187435572,    0.6716713682725467 
208,    2070,    18061,     11634.568327789746,    0.6441818463977491 
209,    2080,    18149,     11716.270826010195,    0.6455601314678603 
210,    2090,    18251,     12254.901221972288,    0.6714646442371535 
211,    2100,    18329,     11495.455790296028,    0.6271731022039406 
212,    2110,    18433,     12464.190358940856,    0.6761889198145096 
213,    2120,    18521,     11829.429356918577,    0.6387035989913383 
214,    2130,    18661,     12153.411571555793,    0.6512733278793094 
215,    2140,    18757,     12480.457419796623,    0.6653759886867102 
216,    2150,    18911,     11833.730566666994,    0.6257591119806988 
217,    2160,    19013,     12826.552843264513,    0.6746201463874462 
218,    2170,    19139,     12037.768784531305,    0.6289653996829148 
219,    2180,    19231,     12597.781464630898,    0.6550767752395038 
220,    2190,    19333,     12682.69638334754,    0.656012847636039 
221,    2200,    19427,     12206.535503286861,    0.6283283833472415 
222,    2210,    19483,     13156.670988860156,    0.6752897905281607 
223,    2220,    19577,     12268.104899235599,    0.6266590846010931 
224,    2230,    19709,     13040.048825630482,    0.6616291453463129 
225,    2240,    19801,     12868.708261040038,    0.6499019373284196 
226,    2250,    19913,     12611.270267569183,    0.6333184486299996 
227,    2260,    19993,     13451.718819460644,    0.6728214284729978 
228,    2270,    20089,     12527.775555748776,    0.6236136968365164 
229,    2280,    20161,     13470.62957787336,    0.6681528484635365 
230,    2290,    20269,     13047.202798353419,    0.643702343398955 
231,    2300,    20359,     13042.858875570857,    0.6406433948411443 
232,    2310,    20477,     13711.415929201266,    0.6696008169752047 
233,    2320,    20563,     12822.323803043933,    0.6235628946673119 
234,    2330,    20707,     13880.402054299739,    0.6703241442169189 
235,    2340,    20773,     13227.922734828806,    0.6367844189490591 
236,    2350,    20899,     13494.01836609507,    0.6456777054450007 
237,    2360,    21001,     13938.165581823807,    0.6636905662503598 
238,    2370,    21089,     13154.993808100859,    0.6237846179572696 
239,    2380,    21179,     14261.417983893312,    0.6733754182866666 
240,    2390,    21283,     13420.952493867748,    0.6305949581293872 
241,    2400,    21391,     13955.70796695083,    0.652410264454716 
242,    2410,    21493,     14136.993891733055,    0.6577487503714258 
243,    2420,    21569,     13526.380424369778,    0.6271213512156233 
244,    2430,    21649,     14607.554798746381,    0.674745013568589 
245,    2440,    21757,     13635.971021385276,    0.6267394871253057 
246,    2450,    21851,     14417.731613484424,    0.6598202193713983 
247,    2460,    21961,     14315.286645504013,    0.6518504005056242 
248,    2470,    22051,     13934.265544405493,    0.6319108223847214 
249,    2480,    22129,     14915.056838547052,    0.6740050087463081 
250,    2490,    22247,     13881.503800814526,    0.6239719423209658 
251,    2500,    22343,     14869.453821210034,    0.6655083838880201 
252,    2510,    22447,     14482.33579073731,    0.6451791237464832 
253,    2520,    22549,     14373.661239366313,    0.6374411831729262 
254,    2530,    22651,     15182.91960740491,    0.670297982755945 
255,    2540,    22739,     14164.231205534094,    0.6229047541903379 
256,    2550,    22853,     15300.578695097034,    0.6695216687129495 
257,    2560,    22961,     14648.722701559804,    0.6379827839188104 
258,    2570,    23039,     14837.064546430613,    0.6439977666752295 
259,    2580,    23117,     15413.081584063377,    0.6667422928608114 
260,    2590,    23209,     14488.408148805462,    0.6242581821192409 
261,    2600,    23327,     15701.935154305098,    0.6731227827969777 
262,    2610,    23459,     14825.578847705952,    0.631978296078518 
263,    2620,    23563,     15314.91272402322,    0.6499559786115189 
264,    2630,    23633,     15610.401523317345,    0.6605340635263126 
265,    2640,    23747,     14855.443485689082,    0.6255713768345089 
266,    2650,    23831,     16066.208893691552,    0.6741726697868974 
267,    2660,    23911,     15023.775353799658,    0.6283206621973008 
268,    2670,    24019,     15796.212062061093,    0.657654859155714 
269,    2680,    24097,     15782.414777442735,    0.6549535119493188 
270,    2690,    24179,     15263.677174430606,    0.6312782652066093 
271,    2700,    24317,     16388.563521771495,    0.6739549912312989 
272,    2710,    24419,     15253.100216520777,    0.6246406575421097 
273,    2720,    24527,     16269.299130369272,    0.6633220177913839 
274,    2730,    24671,     15938.878781317697,    0.6460572648582423 
275,    2740,    24781,     15708.379494263654,    0.6338880389921171 
276,    2750,    24889,     16667.099703508244,    0.6696572664031598 
277,    2760,    24979,     15521.484977413735,    0.6213813594384777 
278,    2770,    25111,     16722.681811544076,    0.6659504524528723 
279,    2780,    25189,     16091.134241210852,    0.6388159212835306 
280,    2790,    25307,     16181.980591196072,    0.6394270593589154 
281,    2800,    25409,     16903.111646083165,    0.6652411211020963 
282,    2810,    25523,     15834.341062665544,    0.6203949795347546 
283,    2820,    25609,     17145.899561983657,    0.6695263212926571 
284,    2830,    25703,     16251.323482826845,    0.63227341099587 
285,    2840,    25801,     16674.52143727291,    0.6462742311256505 
286,    2850,    25919,     17101.114221049625,    0.6597906640321627 
287,    2860,    26003,     16194.059776043907,    0.6227765940869864 
288,    2870,    26113,     17530.3387933315,    0.6713261131747214 
289,    2880,    26209,     16431.51966374475,    0.62694187736063 
290,    2890,    26309,     17174.30021861315,    0.6527918285990782 
291,    2900,    26407,     17268.630458050644,    0.6539413965255668 
292,    2910,    26501,     16599.71939947093,    0.626380868626502 
293,    2920,    26641,     17869.94047085289,    0.6707683822248748 
294,    2930,    26713,     16642.829123083753,    0.6230235886303954 
295,    2940,    26813,     17668.672517736075,    0.6589591809098599 
296,    2950,    26893,     17415.746897007535,    0.6475940541035784 
297,    2960,    26993,     17047.028688010403,    0.6315351642281481 
298,    2970,    27091,     18161.743038494544,    0.6703976611603316 
299,    2980,    27239,     16894.533263171616,    0.6202332414248546 
300,    2990,    27337,     18144.950659853195,    0.6637506185701868 
301,    3000,    27457,     17554.46203726605,    0.6393437752582602 
302,    3010,    27581,     17528.51920928606,    0.6355287773933527 
303,    3020,    27697,     18406.21429081739,    0.6645562440270567 
304,    3030,    27773,     17193.33558718689,    0.619066560587149 
305,    3040,    27847,     18591.33831737888,    0.667624459273131 
306,    3050,    27953,     17697.869526365896,    0.6331295219248702 
307,    3060,    28057,     18033.980668924254,    0.642762257865212 
308,    3070,    28163,     18607.340157000875,    0.6607016353726831 
309,    3080,    28289,     17542.77376562441,    0.6201270375631662 
310,    3090,    28409,     18997.831725655353,    0.6687258166656818 
311,    3100,    28513,     17859.23150508735,    0.6263539966011066 
312,    3110,    28591,     18551.114926362785,    0.6488445638964284 
313,    3120,    28657,     18772.455569292546,    0.6550739983003296 
314,    3130,    28751,     17942.84616100489,    0.6240772898683487 
315,    3140,    28843,     19357.019148249365,    0.6711167058991563 
316,    3150,    28949,     18051.007550125483,    0.6235451155523674 
317,    3160,    29063,     19066.367229326017,    0.6560357578132339 
318,    3170,    29173,     18911.821441197568,    0.6482645405408277 
319,    3180,    29269,     18389.887756090724,    0.6283059809385604 
320,    3190,    29383,     19664.715667507895,    0.6692548639522137 
321,    3200,    29453,     18283.910064963988,    0.6207826049965703 
322,    3210,    29581,     19565.87861344115,    0.6614339817261469 
323,    3220,    29683,     19037.97090481718,    0.6413762390869244 
324,    3230,    29833,     18876.712881203035,    0.6327460490464598 
325,    3240,    29927,     19920.380704531915,    0.6656323956471385 
326,    3250,    30071,     18566.05722222681,    0.6174073766162352 
327,    3260,    30139,     20036.492599364617,    0.6648028335168591 
328,    3270,    30253,     19164.8659193733,    0.6334864614872343 
329,    3280,    30347,     19393.022754480753,    0.6390425002300311 
330,    3290,    30491,     20127.280255085294,    0.6601056132985239 
331,    3300,    30577,     18902.28949041265,    0.6181865287769451 
332,    3310,    30697,     20466.74319452528,    0.6667343126209493 
333,    3320,    30809,     19306.920780121287,    0.626664960891989 
334,    3330,    30881,     19926.056040103842,    0.6452529399988292 
335,    3340,    31013,     20292.373689005402,    0.6543183080967788 
336,    3350,    31121,     19293.705614578386,    0.6199577653217566 
337,    3360,    31189,     20847.750362877574,    0.6684327924228919 
338,    3370,    31267,     19477.96069902677,    0.6229558543840717 
339,    3380,    31379,     20461.441868580954,    0.6520743767672952 
340,    3390,    31513,     20425.924852241507,    0.6481745581900011 
341,    3400,    31607,     19737.459283767676,    0.6244648110788014 
342,    3410,    31723,     21173.953775123908,    0.6674637888952466 
343,    3420,    31847,     19690.190517306088,    0.618274578996643 
344,    3430,    31981,     20984.198485678797,    0.6561457892398236 
345,    3440,    32069,     20540.857698692267,    0.6405206803670918 
346,    3450,    32173,     20226.839579929816,    0.6286898821971783 
347,    3460,    32261,     21443.62559792096,    0.6646919065720517 
348,    3470,    32359,     19953.250097814933,    0.6166213448442452 
349,    3480,    32429,     21479.808189453175,    0.6623641860511633 
350,    3490,    32533,     20651.89624689267,    0.6347983969167513 
351,    3500,    32611,     20751.637924226805,    0.6363385950822362 
352,    3510,    32719,     21659.117725330983,    0.661973707183318 
353,    3520,    32833,     20273.42877296,    0.6174711044668474 
354,    3530,    32941,     21935.291516195535,    0.6658963454720723 
355,    3540,    33029,     20774.545816940623,    0.6289789523431113 
356,    3550,    33119,     21298.78307831889,    0.6430986164533619 
357,    3560,    33223,     21826.817233319016,    0.6569791178797525 
358,    3570,    33347,     20653.101549106257,    0.6193391174350393 
359,    3580,    33457,     22340.201450956596,    0.6677287697927667 
360,    3590,    33547,     20923.985910093714,    0.6237215223445827 
361,    3600,    33617,     21853.20537796729,    0.6500641157142901 
362,    3610,    33721,     21956.80467828844,    0.6511314812220409 
363,    3620,    33809,     21090.43516477751,    0.6238112681468695 
364,    3630,    33911,     22687.46207757549,    0.6690295797108752 
365,    3640,    34033,     21113.953647402195,    0.6203964871566479 
366,    3650,    34159,     22398.873313474145,    0.6557239179564432 
367,    3660,    34267,     22062.231676779338,    0.6438331828517039 
368,    3670,    34351,     21579.393523586677,    0.6282027749872399 
369,    3680,    34469,     22973.985430734676,    0.6665115155860244 
370,    3690,    34543,     21355.69961904971,    0.6182352320021338 
371,    3700,    34651,     22919.93123168962,    0.6614507873276275 
372,    3710,    34747,     22158.455398193342,    0.6377084467203886 
373,    3720,    34849,     22110.050750717888,    0.6344529470205139 
374,    3730,    34963,     23201.014823676956,    0.6635876447580858 
375,    3740,    35089,     21657.094946836147,    0.6172046780140826 
376,    3750,    35171,     23401.857481088642,    0.6653736737962709 
377,    3760,    35311,     22261.986584475497,    0.6304547190528588 
378,    3770,    35407,     22669.19766385239,    0.6402462130045581 
379,    3780,    35521,     23374.161656712622,    0.6580378271082633 
380,    3790,    35597,     22021.95939909109,    0.6186464982748853 
381,    3800,    35771,     23832.558583548514,    0.6662536295755923 
382,    3810,    35869,     22389.323013759065,    0.6241970228821284 
383,    3820,    35977,     23241.20544153911,    0.6460017633915865 
384,    3830,    36067,     23503.12438284169,    0.6516517698406213 
385,    3840,    36187,     22449.66603259113,    0.6203793083867447 
386,    3850,    36293,     24203.31741822749,    0.6668866563311793 
387,    3860,    36389,     22555.75071997859,    0.6198507988672014 
388,    3870,    36523,     23809.090357015015,    0.6518930634672676 
389,    3880,    36599,     23601.10138693904,    0.644856454737535 
390,    3890,    36697,     22935.05899611378,    0.6249845762899905 
391,    3900,    36787,     24509.521922952394,    0.6662549792848668 
392,    3910,    36887,     22774.19987265783,    0.6174045022001744 
393,    3920,    36973,     24355.70715109798,    0.6587430598300917 
394,    3930,    37061,     23683.9323511524,    0.6390527063800869 
395,    3940,    37199,     23468.69909624916,    0.6308959675327068 
396,    3950,    37313,     24751.114980816317,    0.6633375762017613 
397,    3960,    37409,     23054.240524503035,    0.6162752419071088 
398,    3970,    37511,     24864.987240292183,    0.6628718839884883 
399,    3980,    37579,     23769.02353757853,    0.6325081438457258 
400,    3990,    37691,     24037.428047025052,    0.6377498088940344 
401,    4000,    37831,     24932.725058536194,    0.65905540584537 
402,    4010,    37957,     23401.29541746048,    0.6165212060347361 
403,    4020,    38053,     25323.132458845717,    0.6654700669814658 
404,    4030,    38189,     23874.1297303351,    0.6251572371713084 
405,    4040,    38287,     24625.218708846336,    0.643174411911258 
406,    4050,    38377,     25063.45952032194,    0.6530854293019762 
407,    4060,    38557,     23816.13313610743,    0.6176863639833864 
408,    4070,    38651,     25719.675967117782,    0.6654336489901369 
409,    4080,    38723,     24016.0779778831,    0.6202018949431372 
410,    4090,    38833,     25214.256813276075,    0.6492997402538067 
411,    4100,    38923,     25156.366792136625,    0.6463110960649648 
412,    4110,    39043,     24294.685991813672,    0.6222545908821984 
413,    4120,    39139,     26048.3294116604,    0.6655338514438387 
414,    4130,    39229,     24209.52472883598,    0.6171333638083045 
415,    4140,    39341,     25786.18131995538,    0.6554531232036649 
416,    4150,    39439,     25227.597955013935,    0.6396611971655959 
417,    4160,    39551,     24828.21438367087,    0.6277518743817064 
418,    4170,    39671,     26307.549003751723,    0.6631430769013064 
419,    4180,    39779,     24465.837841453475,    0.6150440644926588 
420,    4190,    39863,     26323.39709536403,    0.6603466145388965 
421,    4200,    39979,     25295.321109322573,    0.632715203214752 
422,    4210,    40093,     25403.814589532944,    0.6336221931392748 
423,    4220,    40177,     26500.7720401649,    0.6596005684885606 
424,    4230,    40289,     24792.188119591505,    0.6153587361213112 
425,    4240,    40459,     26810.366147301196,    0.6626551854297238 
426,    4250,    40543,     25378.461260784075,    0.6259640692791376 
427,    4260,    40693,     26005.24176485614,    0.6390593410379215 
428,    4270,    40801,     26636.298261440665,    0.6528344467400472 
429,    4280,    40879,     25190.921828687147,    0.6162313615471794 
430,    4290,    40993,     27234.782884190525,    0.6643764272971123 
431,    4300,    41113,     25495.353027765945,    0.6201287434087988 
432,    4310,    41189,     26613.996209440087,    0.6461432957692609 
433,    4320,    41263,     26726.81574294827,    0.6477186763674059 
434,    4330,    41389,     25659.266894197455,    0.6199537774335562 
435,    4340,    41513,     27588.545007832992,    0.6645760366110133 
436,    4350,    41609,     25662.401975574063,    0.6167512311176443 
437,    4360,    41681,     27210.60047823198,    0.652829838013291 
438,    4370,    41809,     26788.59694190812,    0.640737567076661 
439,    4380,    41903,     26189.402428756905,    0.6250006545774027 
440,    4390,    41983,     27868.44440207176,    0.6638030727216198 
441,    4400,    42083,     25892.85208270203,    0.6152805665637437 
442,    4410,    42193,     27775.97923980834,    0.6583077581543939 
443,    4420,    42293,     26840.415191950004,    0.6346302033894499 
444,    4430,    42391,     26768.895464722405,    0.6314759138666793 
445,    4440,    42461,     28076.520965225576,    0.661230799209288 
446,    4450,    42569,     26195.751455062327,    0.6153715486636362 
447,    4460,    42683,     28292.844184379035,    0.6628597845601067 
448,    4470,    42751,     26902.25350877321,    0.6292777597897876 
449,    4480,    42853,     27381.482112107507,    0.6389630157073602 
450,    4490,    42961,     28220.045522520442,    0.6568758995954573 
451,    4500,    43063,     26575.19616030531,    0.6171236597614033 
452,    4510,    43201,     28746.983593646124,    0.6654240317040375 
453,    4520,    43321,     26993.894395843658,    0.6231133721715486 
454,    4530,    43457,     28008.144750007817,    0.6445024909682633 
455,    4540,    43591,     28311.1241525713,    0.6494717751960566 
456,    4550,    43669,     27029.913696831492,    0.6189725823085368 
457,    4560,    43787,     29128.360760352803,    0.6652285098397425 
458,    4570,    43943,     27133.490079638614,    0.6174701335739166 
459,    4580,    44021,     28628.41419000418,    0.6503353897004652 
460,    4590,    44111,     28365.943620125752,    0.6430582761697933 
461,    4600,    44203,     27553.22434694445,    0.6233338087221332 
462,    4610,    44281,     29431.93711363176,    0.6646628828082419 
463,    4620,    44453,     27336.21633852437,    0.6149464904173929 
464,    4630,    44543,     29221.807745763093,    0.6560359146389577 
465,    4640,    44647,     28403.704151530546,    0.6361839351251046 
466,    4650,    44753,     28133.39208243169,    0.6286370094168366 
467,    4660,    44851,     29658.153971676402,    0.6612595922426792 
468,    4670,    44959,     27613.10939007772,    0.6141842432010881 
469,    4680,    45083,     29769.30222260439,    0.6603221219218861 
470,    4690,    45191,     28445.309562615403,    0.6294463402583568 
471,    4700,    45317,     28754.34866234233,    0.6345157151255011 
472,    4710,    45413,     29813.03012690572,    0.6564866916280739 
473,    4720,    45541,     27970.174275714682,    0.6141756719376975 
474,    4730,    45659,     30254.73600765526,    0.662623710717608 
475,    4740,    45763,     28511.90395484949,    0.6230339784290692 
476,    4750,    45863,     29396.74710119183,    0.6409686915638277 
477,    4760,    45989,     29907.859384941126,    0.6503263690217471 
478,    4770,    46103,     28407.83547427048,    0.6161819290343465 
479,    4780,    46219,     30666.037201735067,    0.6634941734294353 
480,    4790,    46327,     28623.35733465452,    0.6178547571535934 
481,    4800,    46451,     30039.275806685433,    0.646687386852499 
482,    4810,    46559,     29958.5208426168,    0.6434528413972981 
483,    4820,    46649,     28920.777235074016,    0.6199656420303546 
484,    4830,    46751,     30996.18505030923,    0.663005819133478 
485,    4840,    46853,     28796.808494512115,    0.6146203763795726 
486,    4850,    46997,     30660.144258252454,    0.6523851364608901 
487,    4860,    47123,     29984.443050056885,    0.6363016584270289 
488,    4870,    47237,     29498.193921673577,    0.6244722129193975 
489,    4880,    47339,     31243.829212045417,    0.6600018845359095 
490,    4890,    47431,     29045.371734751952,    0.612371059744723 
491,    4900,    47533,     31238.636703946155,    0.6571989292480204 
492,    4910,    47639,     30007.28918537276,    0.6298891493392548 
493,    4920,    47737,     30124.441396885653,    0.6310501580930024 
494,    4930,    47837,     31413.51453842278,    0.656678189234751 
495,    4940,    47947,     29377.104466428696,    0.6126995321173107 
496,    4950,    48073,     31756.623168594026,    0.6605916661867166 
497,    4960,    48187,     30049.452036311963,    0.6236008059499858 
498,    4970,    48311,     30780.051244776292,    0.637123041228215 
499,    4980,    48413,     31515.486465419024,    0.6509715668398782 
500,    4990,    48523,     29794.315949900072,    0.6140246058549569 
501,    5000,    48619,     32199.917763768484,    0.6622908279431597 
502,    5010,    48751,     30132.4632650039,    0.6180891318127607 
503,    5020,    48821,     31443.04254272405,    0.6440474906848294 
504,    5030,    48947,     31565.081932769586,    0.6448828719384148 
505,    5040,    49037,     30293.274461073404,    0.6177636164747722 
506,    5050,    49139,     32559.382982637253,    0.6625975901552179 
507,    5060,    49223,     30275.429865915532,    0.615066734370427 
508,    5070,    49363,     32090.442980174936,    0.6500910191879532 
509,    5080,    49451,     31581.740829549664,    0.6386471624345244 
510,    5090,    49547,     30864.342579791526,    0.6229306028577215 
511,    5100,    49667,     32831.69488243611,    0.6610364000732097 
512,    5110,    49783,     30493.611151847756,    0.6125306058664154 
513,    5120,    49871,     32699.914120402787,    0.655689962511335 
514,    5130,    49991,     31587.70113679238,    0.6318677589324555 
515,    5140,    50077,     31492.539972727984,    0.6288823206807114 
516,    5150,    50153,     33019.70677929457,    0.6583794943332316 
517,    5160,    50287,     30797.241824664634,    0.6124294912137259 
518,    5170,    50383,     33251.365872091905,    0.6599719324393527 
519,    5180,    50513,     31606.465114239832,    0.6257095225830941 
520,    5190,    50599,     32158.50214282274,    0.6355560810060029 
521,    5200,    50767,     33132.37678620699,    0.6526360979811096 
522,    5210,    50873,     31190.691105734666,    0.6131089400219107 
523,    5220,    50989,     33728.44363129635,    0.6614847051579037 
524,    5230,    51131,     31661.14222437295,    0.6192161746176087 
525,    5240,    51217,     32839.774369344595,    0.6411889483832438 
526,    5250,    51341,     33184.25530461892,    0.646349999116085 
527,    5260,    51427,     31672.025490238997,    0.6158637581472572 
528,    5270,    51503,     34119.77834989825,    0.6624813768110256 
529,    5280,    51599,     31772.7855557576,    0.6157635914602532 
530,    5290,    51691,     33512.354621184626,    0.6483208802535185 
531,    5300,    51817,     33194.56026235474,    0.6406113874279626 
532,    5310,    51907,     32233.01493921314,    0.6209762640725363 
533,    5320,    52021,     34419.90465764688,    0.6616540369782757 
534,    5330,    52147,     31958.84135327339,    0.6128605931937291 
535,    5340,    52249,     34152.379510234976,    0.6536465675943076 
536,    5350,    52363,     33185.89819687535,    0.6337661745292544 
537,    5360,    52511,     32859.591139619086,    0.6257658612408654 
538,    5370,    52583,     34629.77419206868,    0.6585735730572367 
539,    5380,    52711,     32231.82551764213,    0.6114819585597339 
540,    5390,    52817,     34737.834902132745,    0.657701779770391 
541,    5400,    52937,     33182.715990740406,    0.6268340856251847 
542,    5410,    53047,     33532.734037792245,    0.6321325247005909 
543,    5420,    53129,     34756.81901787808,    0.6541967478755121 
544,    5430,    53233,     32598.326849961268,    0.6123706507234472 
545,    5440,    53353,     35250.16866078631,    0.6606970303597981 
546,    5450,    53453,     33209.58917206242,    0.621285786991608 
547,    5460,    53597,     34229.731508887955,    0.6386501391661465 
548,    5470,    53681,     34814.551547742936,    0.6485451379024783 
549,    5480,    53791,     33058.41524756619,    0.6145714942567752 
550,    5490,    53897,     35675.68763059629,    0.6619234397201381 
551,    5500,    54001,     33289.46656150476,    0.6164601870614389 
552,    5510,    54133,     34925.72905342215,    0.6451836966992804 
553,    5520,    54277,     34821.72050066056,    0.6415557326429345 
554,    5530,    54371,     33605.505423025184,    0.6180777514304534 
555,    5540,    54449,     36006.634188767865,    0.6612910097296161 
556,    5550,    54547,     33441.99653775417,    0.6130858990916854 
557,    5560,    54631,     35595.463899111885,    0.6515616389799177 
558,    5570,    54767,     34801.07478727707,    0.635438763987019 
559,    5580,    54881,     34226.69490189106,    0.6236529017672976 
560,    5590,    55001,     36241.858735895774,    0.6589309055452769 
561,    5600,    55109,     33682.05674994916,    0.6111897648287786 
562,    5610,    55219,     36215.06256274843,    0.6558442304777058 
563,    5620,    55339,     34777.81643973895,    0.628450395557183 
564,    5630,    55469,     34903.56127822449,    0.6292444658858911 
565,    5640,    55609,     36387.031962296365,    0.6543371030282215 
566,    5650,    55681,     34018.59680952619,    0.6109552057169626 
567,    5660,    55799,     36763.77403486751,    0.6588608045819371 
568,    5670,    55871,     34777.8476365412,    0.6224668904537453 
569,    5680,    55967,     35613.3703738369,    0.6363280214025568 
570,    5690,    56093,     36454.372765647735,    0.6498916578832962 
571,    5700,    56197,     34453.88306888093,    0.6130911448810601 
572,    5710,    56311,     37225.512944083675,    0.6610700030914684 
573,    5720,    56437,     34825.933683359006,    0.6170762741350356 
574,    5730,    56509,     36330.61647339083,    0.6429173489778767 
575,    5740,    56611,     36461.90207312284,    0.6440780426617236 
576,    5750,    56713,     34983.20736495493,    0.6168463555966873 
577,    5760,    56813,     37590.09834725093,    0.6616460730334771 
578,    5770,    56911,     34943.912154141726,    0.6140098074913765 
579,    5780,    56993,     37028.79044556687,    0.6497076912176385 
580,    5790,    57107,     36432.267099610406,    0.6379649972789747 
581,    5800,    57193,     35595.08941314937,    0.6223679368655145 
582,    5810,    57287,     37854.0935276933,    0.6607798196395919 
583,    5820,    57397,     35149.07751597069,    0.6123852730276964 
584,    5830,    57557,     37682.253233965064,    0.6546945329667124 
585,    5840,    57667,     36391.21227748589,    0.6310578368475191 
586,    5850,    57751,     36271.96761340949,    0.6280751435197571 
587,    5860,    57847,     38021.17909606001,    0.6572714072650269 
588,    5870,    57973,     35452.86035265318,    0.611540895807586 
589,    5880,    58067,     38268.082359617445,    0.659033226438725 
590,    5890,    58171,     36365.79988936308,    0.6251534250634007 
591,    5900,    58243,     36991.33784550264,    0.635120750055846 
592,    5910,    58391,     38102.02396530243,    0.6525324787262152 
593,    5920,    58477,     35859.90133411133,    0.613230865709789 
594,    5930,    58603,     38767.75858203152,    0.6615319792848748 
595,    5940,    58727,     36382.503303235804,    0.6195191871411072 
596,    5950,    58897,     37727.26691647746,    0.640563473801339 
597,    5960,    58979,     38113.65418186778,    0.6462241506615538 
598,    5970,    59063,     36367.5935622622,    0.6157424032348882 
599,    5980,    59149,     39168.56891986353,    0.6622017095785817 
600,    5990,    59239,     36465.307094110016,    0.6155625026436978 
601,    6000,    59369,     38452.179092501,    0.6476810977530529 
602,    6010,    59447,     38078.35564323203,    0.6405429314049832 
603,    6020,    59561,     36966.134636261304,    0.6206432839653684 
604,    6030,    59663,     39464.6203521917,    0.661458866503389 
605,    6040,    59753,     36633.95026751913,    0.6130897238217183 
606,    6050,    59921,     39138.79271615998,    0.6531732233467396 
607,    6060,    60037,     38022.18083176409,    0.6333124711721787 
608,    6070,    60133,     37639.09394496659,    0.6259307525812214 
609,    6080,    60257,     39657.38456099437,    0.6581373875399433 
610,    6090,    60373,     36902.44097336995,    0.6112408025668751 
611,    6100,    60509,     39762.07094131555,    0.6571265587154894 
612,    6110,    60631,     37973.1593569958,    0.6262994071843743 
613,    6120,    60727,     38364.46383069935,    0.6317529901147653 
614,    6130,    60821,     39755.726297984525,    0.6536513095474347 
615,    6140,    60923,     37277.953907068295,    0.6118863796442772 
616,    6150,    61051,     40301.04719141163,    0.6601210003343373 
617,    6160,    61211,     37959.33511041677,    0.6201391107875507 
618,    6170,    61339,     39116.128011491295,    0.6377040384012015 
619,    6180,    61463,     39775.40415213431,    0.6471438776521535 
620,    6190,    61547,     37760.196114347666,    0.6135180612271542 
621,    6200,    61637,     40740.3924749224,    0.6609729947097102 
622,    6210,    61723,     38006.76742842737,    0.6157634500660591 
623,    6220,    61871,     39865.64956358217,    0.6443349802586377 
624,    6230,    61987,     39738.070122093486,    0.6410710329922965 
625,    6240,    62081,     38341.29483775474,    0.6176011152809191 
626,    6250,    62191,     41071.60787419478,    0.6604107969673229 
627,    6260,    62311,     38137.63863644526,    0.612053066656694 
628,    6270,    62467,     40584.25615919854,    0.6496911354667031 
629,    6280,    62563,     39669.830778283795,    0.6340781416857215 
630,    6290,    62659,     39006.22456116746,    0.6225159124972862 
631,    6300,    62791,     41293.750361599516,    0.6576380430571183 
632,    6310,    62921,     38368.60518926959,    0.6097901366677196 
633,    6320,    63029,     41244.884005804,    0.6543794762062543 
634,    6330,    63131,     39599.465295764254,    0.6272586414877676 
635,    6340,    63299,     39733.75207258009,    0.6277153205039588 
636,    6350,    63377,     41413.63195002473,    0.6534489160109302 
637,    6360,    63467,     38709.51452968758,    0.6099156180327978 
638,    6370,    63577,     41824.13535071077,    0.6578500928120353 
639,    6380,    63649,     39556.42184994478,    0.6214775071084351 
640,    6390,    63727,     40497.840898974646,    0.6354895240474939 
641,    6400,    63823,     41445.46888156493,    0.6493813966996996 
642,    6410,    63949,     39162.58567744619,    0.612403410177582 
643,    6420,    64081,     42304.00813365912,    0.6601646062586276 
644,    6430,    64217,     39568.73180460875,    0.616172225494943 
645,    6440,    64327,     41269.422576933146,    0.6415567736243435 
646,    6450,    64483,     41409.99654275266,    0.642184708260358 
647,    6460,    64609,     39722.120016485416,    0.6148078443635626 
648,    6470,    64709,     42673.27029338629,    0.6594642212580366 
649,    6480,    64853,     39660.98935996188,    0.6115521157072438 
650,    6490,    64951,     42018.41440218841,    0.6469248264412929 
651,    6500,    65071,     41333.10430455976,    0.6352000784460015 
652,    6510,    65167,     40374.7719126869,    0.6195585482328003 
653,    6520,    65269,     42928.37453041934,    0.6577146046426228 
654,    6530,    65393,     39852.54211647005,    0.609431317059472 
655,    6540,    65519,     42715.84364795172,    0.6519611661953284 
656,    6550,    65587,     41244.07974772338,    0.6288453466041042 
657,    6560,    65687,     41100.369225470415,    0.6257002028631299 
658,    6570,    65777,     43073.84047802627,    0.6548465341688777 
659,    6580,    65881,     40156.02533626294,    0.6095236158568167 
660,    6590,    65993,     43335.92829959131,    0.6566746215445776 
661,    6600,    66107,     41173.58116465385,    0.6228323954294379 
662,    6610,    66271,     41873.23427011495,    0.6318485351075878 
663,    6620,    66383,     43122.06812821097,    0.649595048856047 
664,    6630,    66509,     40576.35028786506,    0.6100881127045221 
665,    6640,    66601,     43857.964992792164,    0.6585181152353893 
666,    6650,    66733,     41151.47862198693,    0.6166586040188052 
667,    6660,    66851,     42663.91917957487,    0.638194180783756 
668,    6670,    66947,     43092.58644512979,    0.6436821133901413 
669,    6680,    67057,     41110.226392350065,    0.6130639067114554 
670,    6690,    67157,     44267.88618793669,    0.6591700967573997 
671,    6700,    67247,     41204.71555897513,    0.6127368590267986 
672,    6710,    67391,     43441.23857742249,    0.6446148384416686 
673,    6720,    67477,     43010.781549975836,    0.6374139566070786 
674,    6730,    67559,     41746.260017214976,    0.6179230008912947 
675,    6740,    67679,     44559.370022267394,    0.6583928548333663 
676,    6750,    67777,     41355.343893201185,    0.6101678134647621 
677,    6760,    67883,     44174.459321956645,    0.6507440643748309 
678,    6770,    67967,     42906.18678412909,    0.6312796913815394 
679,    6780,    68099,     42465.63223387794,    0.6235867227694671 
680,    6790,    68219,     44734.41637785545,    0.6557471727503401 
681,    6800,    68389,     41618.87566577053,    0.6085609625198575 
682,    6810,    68491,     44835.49360006266,    0.6546187615900287 
683,    6820,    68611,     42810.44959246735,    0.6239589802286418 
684,    6830,    68729,     43243.31651363324,    0.6291858824314808 
685,    6840,    68821,     44803.339466817706,    0.6510126192124164 
686,    6850,    68927,     42003.07392371195,    0.6093849133679392 
687,    6860,    69067,     45400.93895627126,    0.6573463297417184 
688,    6870,    69193,     42755.11509415333,    0.617910989466468 
689,    6880,    69313,     44049.758135392134,    0.6355194283235776 
690,    6890,    69427,     44784.168135146116,    0.6450540587256559 
691,    6900,    69497,     42507.27610265716,    0.6116418852994685 
692,    6910,    69697,     45853.817298892114,    0.6579023099831 
693,    6920,    69827,     42769.38151782995,    0.6125049267164556 
694,    6930,    69931,     44852.90285873765,    0.6413879804198088 
695,    6940,    70051,     44701.48725679265,    0.6381277534480971 
696,    6950,    70141,     43122.306605650345,    0.6147945795704416 
697,    6960,    70229,     46184.884097990864,    0.6576326602684199 
698,    6970,    70327,     42877.98712647077,    0.6096945287936464 
699,    6980,    70457,     45620.43570597446,    0.6474933038019566 
700,    6990,    70571,     44584.79402923462,    0.6317721731197605 
701,    7000,    70663,     43830.994083425445,    0.6202821007235109 
702,    7010,    70823,     46393.4076710225,    0.6550613172418918 
703,    7020,    70913,     43099.38135865799,    0.6077782826654914 
704,    7030,    70991,     46322.07352505116,    0.6525062828393903 
705,    7040,    71119,     44466.47876815015,    0.6252404950596908 
706,    7050,    71233,     44609.2659865155,    0.626244380926193 
707,    7060,    71329,     46487.35473275264,    0.6517314799415755 
708,    7070,    71399,     43444.314988534396,    0.6084723173788764 
709,    7080,    71479,     46931.748746333695,    0.6565809363076386 
710,    7090,    71597,     44379.56829911706,    0.6198523443596389 
711,    7100,    71719,     45427.75132734896,    0.6334130610765482 
712,    7110,    71849,     46482.95978483549,    0.6469534688699284 
713,    7120,    71941,     43914.956272016796,    0.6104301618272862 
714,    7130,    72043,     47429.527013486404,    0.6583502493439529 
715,    7140,    72139,     44355.38910825335,    0.6148600494635822 
716,    7150,    72251,     46253.78526049673,    0.6401819388035699 
717,    7160,    72353,     46403.699551343416,    0.6413514235946459 
718,    7170,    72493,     44504.60414482976,    0.6139158835312342 
719,    7180,    72623,     47803.11795861931,    0.6582366186830524 
720,    7190,    72707,     44421.315535453316,    0.6109633946587442 
721,    7200,    72859,     47053.67879722097,    0.6458183449844352 
722,    7210,    72931,     46278.73644116206,    0.6345550786519046 
723,    7220,    73019,     45198.028016590135,    0.6189899617440685 
724,    7230,    73133,     48048.86528664791,    0.6570066219989322 
725,    7240,    73309,     44598.76472896404,    0.6083668407557604 
726,    7250,    73421,     47795.09598845315,    0.6509731001818709 
727,    7260,    73547,     46140.93386376092,    0.6273666344481885 
728,    7270,    73637,     45972.419451178765,    0.6243114120778789 
729,    7280,    73727,     48172.13776269091,    0.6533852966035633 
730,    7290,    73867,     44901.584910185564,    0.6078706988260734 
731,    7300,    73999,     48449.370876884066,    0.6547300757697275 
732,    7310,    74101,     46024.5783050444,    0.6211060350743499 
733,    7320,    74201,     46798.89716155208,    0.6307043996920807 
734,    7330,    74311,     48187.08425152084,    0.648451565064672 
735,    7340,    74413,     45334.95763661071,    0.6092343762059144 
736,    7350,    74527,     48993.59831254813,    0.6573939419612775 
737,    7360,    74623,     45962.96599147534,    0.6159356497524268 
738,    7370,    74747,     47644.46641894062,    0.6374097478017929 
739,    7380,    74857,     48115.76075823084,    0.6427690230470209 
740,    7390,    74933,     45894.89989119258,    0.612479146586852 
741,    7400,    75083,     49412.34639179354,    0.6581029845876368 
742,    7410,    75211,     45986.02396108326,    0.6114268386417314 
743,    7420,    75323,     48474.300116493185,    0.6435524357300318 
744,    7430,    75403,     47986.682309195836,    0.6364028262694565 
745,    7440,    75539,     46568.41032903019,    0.6164816893132049 
746,    7450,    75629,     49698.86301252772,    0.6571402902660054 
747,    7460,    75721,     46118.13540373755,    0.6090534383293611 
748,    7470,    75833,     49254.18384957052,    0.6495085760759897 
749,    7480,    75983,     47832.89428519198,    0.6295210018713657 
750,    7490,    76091,     47334.258746772255,    0.622074341863982 
751,    7500,    76213,     49855.6832313887,    0.6541624556360293 
752,    7510,    76333,     46376.327054843365,    0.6075527891585993 
753,    7520,    76463,     49952.95338605492,    0.6532957559349609 
754,    7530,    76543,     47689.693444591685,    0.623044477543233 
755,    7540,    76673,     48164.37198666334,    0.6281790459048601 
756,    7550,    76801,     49894.5854537237,    0.6496606223060077 
757,    7560,    76913,     46768.952915679954,    0.6080760458658478 
758,    7570,    77029,     50544.75095538126,    0.6561782050316278 
759,    7580,    77167,     47592.15572097919,    0.6167423344302512 
760,    7590,    77263,     49025.72631286346,    0.6345304519998377 
761,    7600,    77359,     49835.89013350467,    0.6442158007924698 
762,    7610,    77479,     47294.975146587065,    0.6104231488091878 
763,    7620,    77557,     51010.93719464373,    0.6577218973741085 
764,    7630,    77647,     47572.64390419935,    0.6126784538256385 
765,    7640,    77731,     49882.61892410576,    0.6417339147072051 
766,    7650,    77849,     49707.14140852317,    0.6385071280109337 
767,    7660,    77983,     47943.90188304186,    0.6147994034987351 
768,    7670,    78121,     51341.5177852495,    0.657205076551113 
769,    7680,    78203,     47658.47221974286,    0.6094199994852225 
770,    7690,    78317,     50699.16244439606,    0.6473583314528909 
771,    7700,    78487,     49541.256623885296,    0.6312033409849439 
772,    7710,    78577,     48696.395785862995,    0.6197283656268755 
773,    7720,    78707,     51535.97637496045,    0.654782628927039 
774,    7730,    78809,     47869.89615967629,    0.6074166168797509 
775,    7740,    78919,     51441.828139781406,    0.6518307142738936 
776,    7750,    79087,     49374.26779406664,    0.6243032077846756 
777,    7760,    79187,     49525.51956712554,    0.6254248748800376 
778,    7770,    79301,     51603.4461280485,    0.6507288196624065 
779,    7780,    79397,     48218.575132179656,    0.6073097866692653 
780,    7790,    79537,     52081.85768508183,    0.6548129510175369 
781,    7800,    79627,     49242.809854462525,    0.6184184994343944 
782,    7810,    79757,     50398.5389054585,    0.6319011360188886 
783,    7820,    79843,     51562.19838600153,    0.6457948522225058 
784,    7830,    79943,     48706.62390169186,    0.6092669014384231 
785,    7840,    80071,     52597.37014102897,    0.6568841420867602 
786,    7850,    80177,     49181.53074480282,    0.6134119603477658 
787,    7860,    80273,     51279.16237256995,    0.6388095919246813 
788,    7870,    80387,     51438.47523463791,    0.6398854943540362 
789,    7880,    80527,     49326.32849335194,    0.6125439727464321 
790,    7890,    80651,     52975.01008715289,    0.6568425696786512 
791,    7900,    80737,     49220.60636262646,    0.6096412594303289 
792,    7910,    80819,     52130.065216580886,    0.6450223984036042 
793,    7920,    80929,     51264.739843487005,    0.6334532719233773 
794,    7930,    81031,     50060.555989740475,    0.6177951153230303 
795,    7940,    81119,     53211.01338335598,    0.6559623933154499 
796,    7950,    81233,     49383.53848834664,    0.6079245933099435 
797,    7960,    81353,     52915.52153441628,    0.6504433952579042 
798,    7970,    81509,     51077.460895330994,    0.6266481111942361 
799,    7980,    81611,     50883.838672661564,    0.623492405100557 
800,    7990,    81701,     53311.60677870902,    0.6525208599491931 
801,    8000,    81817,     49685.39609090979,    0.6072747239682437 
802,    8010,    81931,     53603.95924833461,    0.6542573537285595 
803,    8020,    82013,     50914.582167717876,    0.620811117356003 
804,    8030,    82141,     51764.06471372398,    0.630185470273359 
805,    8040,    82223,     53292.70383963625,    0.6481483750244609 
806,    8050,    82349,     50131.6310642986,    0.6087703683626832 
807,    8060,    82471,     54170.25526642606,    0.6568400439721364 
808,    8070,    82561,     50812.852782838316,    0.6154583009270517 
809,    8080,    82657,     52664.66354491691,    0.637147047980412 
810,    8090,    82787,     53178.909220706664,    0.6423582110803225 
811,    8100,    82903,     50717.56035700737,    0.6117699040686992 
812,    8110,    83059,     54597.604217388696,    0.6573351980807461 
813,    8120,    83203,     50805.20592629755,    0.6106174768493631 
814,    8130,    83269,     53547.13734206819,    0.6430620920398731 
815,    8140,    83401,     53001.892661218444,    0.6355066805100472 
816,    8150,    83477,     51428.56029594835,    0.6160806005959528 
817,    8160,    83617,     54878.82223846191,    0.6563117815571224 
818,    8170,    83737,     50918.37291152807,    0.6080749598329063 
819,    8180,    83873,     54373.76344383403,    0.6482868556488266 
820,    8190,    84011,     52798.23973883451,    0.6284681736776674 
821,    8200,    84131,     52240.96886945679,    0.6209479130101483 
822,    8210,    84223,     55016.98561993594,    0.6532299445512026 
823,    8220,    84347,     51170.905226124836,    0.6066713128638225 
824,    8230,    84443,     55110.27803637511,    0.65263287704576 
825,    8240,    84523,     52606.925045572265,    0.6223977502640969 
826,    8250,    84673,     53123.64133591756,    0.6273976513873083 
827,    8260,    84787,     55025.35007376905,    0.6489833355793818 
828,    8270,    84919,     51571.75047900549,    0.6073052023576053 
829,    8280,    85037,     55728.350250878706,    0.6553423833258312 
830,    8290,    85133,     52466.582226645514,    0.6162895965917508 
831,    8300,    85243,     54040.05735130107,    0.6339530207911626 
832,    8310,    85369,     54926.54682250128,    0.6434015488350723 
833,    8320,    85487,     52119.49071354599,    0.6096773861937603 
834,    8330,    85607,     56207.668205568545,    0.6565779457937849 
835,    8340,    85703,     52412.76206044263,    0.6115627464667821 
836,    8350,    85831,     54950.837263242734,    0.6402213333555794 
837,    8360,    85991,     54751.103063430775,    0.6367073654618597 
838,    8370,    86113,     52802.305890339245,    0.6131746181219937 
839,    8380,    86201,     56537.4837696379,    0.6558796738974942 
840,    8390,    86293,     52475.37311002612,    0.6081069508537902 
841,    8400,    86381,     55816.494275093086,    0.6461663360587755 
842,    8410,    86491,     54535.383005763215,    0.6305324600913762 
843,    8420,    86599,     53598.67462023615,    0.618929486717354 
844,    8430,    86753,     56717.49930146782,    0.6537814173742443 
845,    8440,    86869,     52676.48903172962,    0.6063899553549554 
846,    8450,    87011,     56600.23016800615,    0.6504951117445628 
847,    8460,    87121,     54319.08810604619,    0.6234901815411461 
848,    8470,    87251,     54478.77199108862,    0.6243913765009985 
849,    8480,    87337,     56758.024864112056,    0.6498737632860306 
850,    8490,    87481,     53028.6829517195,    0.6061737171696654 
851,    8500,    87557,     57270.57668933639,    0.6540947804211701 
852,    8510,    87643,     54142.488239102655,    0.6177616950481232 
853,    8520,    87739,     55406.474280294366,    0.6314919736980632 
854,    8530,    87869,     56679.385337330496,    0.6450441604812903 
855,    8540,    87973,     53534.013933874565,    0.6085277748158476 
856,    8550,    88093,     57803.69313961618,    0.6561667004145185 
857,    8560,    88261,     54043.57686204543,    0.6123154831924115 
858,    8570,    88423,     56341.836070929465,    0.6371853032687136 
859,    8580,    88589,     56510.60987447873,    0.6378964642842647 
860,    8590,    88681,     54183.745832862056,    0.6109961077667376 
861,    8600,    88807,     58185.15269569919,    0.655186558443582 
862,    8610,    88883,     54055.35109105971,    0.6081629905725472 
863,    8620,    89009,     57243.87001646714,    0.6431245156834381 
864,    8630,    89101,     56287.48754629131,    0.6317267768744605 
865,    8640,    89213,     54958.82782097734,    0.6160405750392582 
866,    8650,    89329,     58411.08419889028,    0.6538871385428057 
867,    8660,    89443,     54203.41128575017,    0.6060106580252247 
868,    8670,    89533,     58073.43585129677,    0.648626046835209 
869,    8680,    89633,     56050.11909377887,    0.6253290539620326 
870,    8690,    89767,     55831.11214755408,    0.621955865157063 
871,    8700,    89867,     58488.580233228495,    0.650834903059282 
872,    8710,    89977,     54504.05449676446,    0.6057554096798566 
873,    8720,    90053,     58796.03504944852,    0.6529047899509013 
874,    8730,    90163,     55840.13213372837,    0.6193242475708258 
875,    8740,    90247,     56765.232024951496,    0.6289985487046826 
876,    8750,    90379,     58435.333306025175,    0.6465587504400931 
877,    8760,    90499,     54963.00324629863,    0.6073327135802454 
878,    8770,    90619,     59384.311684507156,    0.6553185500227011 
879,    8780,    90731,     55697.75315270538,    0.6138778714298904 
880,    8790,    90863,     57721.01469553607,    0.6352532350410626 
881,    8800,    90989,     58278.516277979536,    0.6405006789609682 
882,    8810,    91127,     55574.86776133323,    0.6098617068633142 
883,    8820,    91199,     59820.0784214938,    0.655929104721475 
884,    8830,    91309,     55658.942198923236,    0.6095668794852998 
885,    8840,    91423,     58656.26518241416,    0.6415919974449992 
886,    8850,    91541,     58052.97704962561,    0.6341745999019631 
887,    8860,    91691,     56323.388921126556,    0.6142739082475549 
888,    8870,    91811,     60095.71804391944,    0.6545590184609626 
889,    8880,    91943,     55752.79427690455,    0.6063843280826658 
890,    8890,    92041,     59529.727877789606,    0.646774023291681 
891,    8900,    92177,     57798.86705778035,    0.6270421803462941 
892,    8910,    92251,     57182.45433916316,    0.6198572843564097 
893,    8920,    92369,     60214.85340772931,    0.6518946119123225 
894,    8930,    92459,     55999.39502635683,    0.6056673230984202 
895,    8940,    92569,     60304.01812940504,    0.6514493851008981 
896,    8950,    92671,     57558.864793860615,    0.6211097840085962 
897,    8960,    92761,     58117.82502712723,    0.6265329721232763 
898,    8970,    92857,     60192.22933069109,    0.6482250054459124 
899,    8980,    92957,     56408.28831589151,    0.6068213078723658 
900,    8990,    93089,     60948.31557563762,    0.654731660836808 
901,    9000,    93187,     57375.18626763278,    0.6156994673895799 
902,    9010,    93283,     59089.45889192135,    0.6334429520054173 
903,    9020,    93407,     60052.80516997951,    0.6429154685406823 
904,    9030,    93503,     56977.67187051891,    0.6093673130329392 
905,    9040,    93629,     61440.62535838273,    0.6562136235395308 
906,    9050,    93809,     57286.59178974031,    0.6106726624283417 
907,    9060,    93913,     60054.27358168998,    0.6394670980768369 
908,    9070,    94007,     59830.11284019446,    0.636443167425771 
909,    9080,    94117,     57694.386791768,    0.6130070740861694 
910,    9090,    94261,     61769.441664964186,    0.6553022105108601 
911,    9100,    94351,     57325.601234865004,    0.6075780991708091 
912,    9110,    94463,     60969.15812160535,    0.6454289840636583 
913,    9120,    94561,     59563.98780697243,    0.6299001470687962 
914,    9130,    94693,     58534.711289152976,    0.6181524641647532 
915,    9140,    94811,     61934.68846897147,    0.6532437002981877 
916,    9150,    94907,     57516.117701758136,    0.606026085554892 
917,    9160,    95027,     61794.022842681035,    0.6502785823258762 
918,    9170,    95131,     59297.82636772074,    0.6233281093199982 
919,    9180,    95233,     59465.912006483,    0.624425482831403 
920,    9190,    95327,     61947.86212586387,    0.6498459211541732 
921,    9200,    95443,     57871.632898824835,    0.6063475886007862 
922,    9210,    95549,     62494.67187960279,    0.6540588795236244 
923,    9220,    95651,     59075.55796464138,    0.6176156858228495 
924,    9230,    95783,     60448.452026008934,    0.6310979195265228 
925,    9240,    95881,     61831.35620478108,    0.6448760046806049 
926,    9250,    95987,     58394.14837487042,    0.608354760278688 
927,    9260,    96137,     63045.29254116713,    0.6557859361241472 
928,    9270,    96233,     58938.543726488235,    0.6124566804161591 
929,    9280,    96337,     61438.70685717573,    0.6377477693635439 
930,    9290,    96469,     61617.00671321538,    0.6387233900342636 
931,    9300,    96587,     59073.89752210566,    0.6116133384627916 
932,    9310,    96737,     63430.38060555747,    0.655699273344816 
933,    9320,    96821,     58922.62015729381,    0.6085727286156289 
934,    9330,    96953,     62392.00193563353,    0.6435283274951114 
935,    9340,    97039,     61343.951615020516,    0.6321577058195211 
936,    9350,    97171,     59889.897481165564,    0.6163350946389927 
937,    9360,    97327,     63645.95847556636,    0.6539393845034406 
938,    9370,    97441,     59055.49916257662,    0.606064173834183 
939,    9380,    97553,     63265.760172463066,    0.6485270588548078 
940,    9390,    97651,     61055.94827093446,    0.6252465235474748 
941,    9400,    97829,     60811.30156294584,    0.6216081280902988 
942,    9410,    97919,     63699.99160708011,    0.6505376036017536 
943,    9420,    98017,     59354.71279637589,    0.6055552893516012 
944,    9430,    98207,     64022.537826152075,    0.651914199865102 
945,    9440,    98321,     60798.33254245908,    0.6183656852804496 
946,    9450,    98419,     61799.46569456632,    0.6279221054325519 
947,    9460,    98519,     63611.96437641618,    0.6456821971032611 
948,    9470,    98641,     59826.25467212974,    0.6065049489779072 
949,    9480,    98773,     64632.732319341485,    0.6543562746837849 
950,    9490,    98887,     60614.83083507318,    0.612970671929305 
951,    9500,    98953,     62810.59076890217,    0.6347517586015803 
952,    9510,    99079,     63411.63570222564,    0.640010857015368 
953,    9520,    99149,     60464.02233871766,    0.6098298756287774 
954,    9530,    99277,     65076.76638759691,    0.6555069793365725 
955,    9540,    99401,     60544.44921605127,    0.6090929589848318 
956,    9550,    99551,     63798.76035789033,    0.6408650878232296 
957,    9560,    99661,     63137.053123888436,    0.6335181577938054 
958,    9570,    99761,     61250.10933540926,    0.6139684780165522 
959,    9580,    99859,     65346.58782945085,    0.6543885661728122 
960,    9590,    99989,     60618.6608455138,    0.606253296317733 
